0	https://media.aftermark.workers.dev/videos/aeb7b9acd16740d4b5df269c9abf5a9a.mp4
1	https://media.aftermark.ai/472c7c6b-eb9a-49a5-9c7d-067aecb87f7c
2	https://media.aftermark.ai/c3bea70c-317d-45fb-8927-676aa9c6946e
3	https://media.aftermark.ai/d9bb5186-f6ec-438d-9b63-5897d2a74a79
4	https://media.aftermark.workers.dev/videos/824dfc487f42414b96dbf6a799a30309.mp4
5	https://media.aftermark.workers.dev/videos/aa850c527ba947ddae25b1ae40a8f3b6.mp4
6	https://media.aftermark.ai/6b0561d4-e010-4aa8-9d4c-cefa6bcd2966
7	https://media.aftermark.ai/a061c8df-f0bf-4b1e-aa2a-913def172c77
8	https://media.aftermark.workers.dev/videos/5b5eaf902ae248f8ad82ee7237930515.mp4
9	https://media.aftermark.workers.dev/videos/fdf30fa130d842c8885ae10bc50ecc4a.mp4
10	https://media.aftermark.ai/463f9571-d156-4897-80cb-c91a6d96de3f
11	https://media.aftermark.ai/215c2cdb-9173-4796-b468-7766385f83b3
12	https://media.aftermark.ai/bad49fa9-09c1-4328-a275-ddd2da1de380
13	https://media.aftermark.workers.dev/videos/3295c005d63e482f8c0836f62d2ffb50.mp4
14	https://media.aftermark.ai/d927bc09-4936-415b-b754-c0898a0dc912
15	https://media.aftermark.ai/8aa4b330-5ac3-4eb4-8431-6427152bfd0f
16	https://media.aftermark.workers.dev/videos/ba4a6ffc84874ed59f5426f3d7782d11.mp4
17	https://media.aftermark.workers.dev/videos/464aa9353174447ca8288acc1699e055.mp4
18	https://media.aftermark.ai/0d1d9a0b-2480-47dd-bc1c-097bbe44611c
19	https://media.aftermark.ai/66eb3e16-d430-4220-9335-59ab254d21e2
20	https://media.aftermark.ai/df777835-76b7-4ad4-86f1-e523ee594a34
21	https://media.aftermark.workers.dev/videos/7552026afeba42cabec862abff08b82a.mp4
22	https://media.aftermark.ai/273eda90-7493-426a-91fa-58d50f23ca0c
23	https://media.aftermark.ai/ea8a20d8-9f41-464e-a461-eb0a684c0b24
24	https://media.aftermark.ai/2a187840-2918-4768-a4b2-9a6f888577c9
25	https://media.aftermark.workers.dev/videos/5277495c5c404a0b874a6632d6c70bb2.mp4
26	https://media.aftermark.workers.dev/videos/164adb77caa74bb2a1ed2402df6e196a.mp4
27	https://media.aftermark.workers.dev/videos/8cf07a702b5b47138396916ecc93d68a.mp4
28	https://media.aftermark.ai/50f48f69-dd68-4251-97c7-04ec243412ab
29	https://media.aftermark.ai/8f00d627-8894-48f4-aa48-dac58b688499
30	https://media.aftermark.workers.dev/videos/3ae4e1f3b82b466cb454348fd744667c.mp4
31	https://media.aftermark.ai/8d48e42c-d318-44c1-b1d9-1dcf5763b566
32	https://media.aftermark.workers.dev/videos/5ce91435dc1a4e53ae8e73952ccdeb8d.mp4
33	https://media.aftermark.ai/4a047fb7-3636-4316-95fd-0e4ea95bc29b
34	https://media.aftermark.workers.dev/videos/001afb43f41a4e108c0f56cd2f28221e.mp4
35	https://media.aftermark.ai/a8b06739-90eb-4d86-b085-bd4ed25ca2ed
36	https://media.aftermark.ai/b7b954d5-c919-434d-84e0-8f66c09d18f7
37	https://media.aftermark.ai/cdf71514-524f-433d-94a0-bc66c0d5500d
38	https://media.aftermark.ai/11aeec01-006c-490f-bf58-662910f13dc6
39	https://media.aftermark.workers.dev/videos/a4d65af8c12d4ec59bf2ed08c684429b.mp4
40	https://media.aftermark.workers.dev/videos/4db98b2513d94091a421813d5a86b71a.mp4
41	https://media.aftermark.workers.dev/videos/c4ab0dab5506496a986299a4d39c256c.mp4
42	https://media.aftermark.ai/082ff28f-8578-4695-81c3-edb8c69a6bde
43	https://media.aftermark.workers.dev/videos/9a7b6ebaf37541a295f732e5ca3d5b72.mp4
44	https://media.aftermark.workers.dev/videos/71a8763a38de4cb781e0f76c16a6b7dc.mp4
45	https://media.aftermark.ai/105f7b9f-7620-4bdb-9e47-0d156a5c4608
46	https://media.aftermark.ai/2a802d30-26f4-48a4-b25f-ec878091af2f
47	https://media.aftermark.workers.dev/videos/2321bdef2d664c9b857f059f706883c0.mp4
48	https://media.aftermark.ai/5e846eb6-f6c8-4e8e-b68f-9bf5ed4f920d
49	https://media.aftermark.workers.dev/videos/9b87768e17ef4d2f9011eadc1a81a4a9.mp4
50	https://media.aftermark.ai/89b3e5ab-4fa8-4ed7-b9e0-da720b19275b
51	https://media.aftermark.ai/e16dc5a9-7dba-4211-a228-997401531ed6
52	https://media.aftermark.ai/a9c2eee8-a328-4b1f-87e9-1f90ad6d73de
53	https://media.aftermark.workers.dev/videos/ff040fb3349346acbba6f0fbe5a81d57.mp4
54	https://media.aftermark.ai/e75b4b95-4656-46e8-a832-d2337e00a74f
55	https://media.aftermark.ai/7b46b682-7e03-4bc5-88d9-4fffb9016a81
56	https://media.aftermark.workers.dev/videos/15a9fe31b73c48979c41dad37fb75b40.mp4
57	https://media.aftermark.ai/167c5c7f-1d11-4db0-b780-52c356c71d69
58	https://media.aftermark.workers.dev/videos/0c225a42ec8746e3bd95771ba4813d8a.mp4
59	https://media.aftermark.ai/6bcfbf30-2844-458d-9058-5127d340ea30
60	https://media.aftermark.workers.dev/videos/fbe0a19f1d1647efb1420b1e6a767285.mp4
61	https://media.aftermark.ai/e4c25a38-7436-4b1e-a8a0-7a2502ea5b9a
62	https://media.aftermark.ai/83ca4603-d265-4da0-b8fd-451016dfab23
63	https://media.aftermark.workers.dev/videos/8ef2930650dc4db1a17b832c7fb1e7fe.mp4
64	https://media.aftermark.workers.dev/videos/7b3852915c674daa8356c77d0e6169ac.mp4
65	https://media.aftermark.workers.dev/videos/7f7425ef2ceb458aa0057f3e45b10c78.mp4
66	https://media.aftermark.workers.dev/videos/7a4e1f913373488f8edafe3e9f45cccf.mp4
67	https://media.aftermark.workers.dev/videos/6f6a128c52e042a78f895629d337ae82.mp4
68	https://media.aftermark.workers.dev/videos/57213b148a5d4c6085742aa19c2073a2.mp4
69	https://media.aftermark.workers.dev/videos/cc65384d8978419da9d61686d255c087.mp4
70	https://media.aftermark.workers.dev/videos/afeff622c3d547709a5ea54dbcdf367c.mp4
71	https://media.aftermark.workers.dev/videos/01f51c03cbe844589ec0c1209e3ac345.mp4
72	https://media.aftermark.workers.dev/videos/65ad2d742de646b1b3ad7f80edfadf07.mp4
73	https://media.aftermark.ai/bf1eda16-068d-4660-b49d-1fa7042218d4
74	https://media.aftermark.workers.dev/videos/2aa7f0a367a14d6bb595b1b601f25f85.mp4
75	https://media.aftermark.ai/d3bc72d7-1db3-4874-8c38-f6fab2030ece
76	https://media.aftermark.workers.dev/videos/5eb18be9efb74040ac50285351d5c845.mp4
77	https://media.aftermark.ai/ea2c6c2e-333c-490b-abf5-08c3334c045b
78	https://media.aftermark.workers.dev/videos/7e9837ebc1f74038b70df138654d0325.mp4
79	https://media.aftermark.ai/36900ec8-6659-4364-92bb-7535ec413ce7
80	https://media.aftermark.ai/c22f43e3-9940-43ce-8ab6-ac07af1f9da8
81	https://media.aftermark.ai/db43c824-01ed-4304-a557-79e2adb32e63
82	https://media.aftermark.ai/fd761a6e-f5db-4e49-943d-1a0e1ffc5cf8
83	https://media.aftermark.ai/b05d259a-ff90-45b0-870e-621c5e829815
