0	https://media.aftermark.workers.dev/videos/fb5ca1d3b5f6471cb3fee33ce27480f5.mp4
1	https://media.aftermark.workers.dev/videos/591f1d40d510493983bf546afb60ce12.mp4
2	https://media.aftermark.workers.dev/videos/7f37d7decc4f4322aa4cc0fe3a6375aa.mp4
3	https://media.aftermark.workers.dev/videos/5c9bdeb39e2344e7a0357792d962d35f.mp4
4	https://media.aftermark.workers.dev/videos/a29d2520fe5840b583ce6a954b81a93c.mp4
5	https://media.aftermark.workers.dev/videos/1fc27bf1598043bea2efe70a659dff7e.mp4
6	https://media.aftermark.workers.dev/videos/b9ee8a26eedc442a8beea7b6a08a32ac.mp4
7	https://media.aftermark.workers.dev/videos/4dea70a1b9d64a85a0f9f51298008410.mp4
8	https://media.aftermark.workers.dev/videos/259e9a5b2a7d4c8e838da93258254a44.mp4
9	https://media.aftermark.workers.dev/videos/ea8af007d0de434f82eb3e814103e05f.mp4
10	https://media.aftermark.workers.dev/videos/ac4bd95c148843a78899a48b1e602561.mp4
11	https://media.aftermark.workers.dev/videos/5e3c55dc99744307bdb38f8f216ad1af.mp4
12	https://media.aftermark.workers.dev/videos/7cd209a36a5b4d83b57609d6bc9ff34d.mp4
13	https://media.aftermark.workers.dev/videos/970cd1a1bb1240cf9074c0bb4a574cec.mp4
14	https://media.aftermark.workers.dev/videos/c2024f7f0f6e4e24b65629583c8170d2.mp4
15	https://media.aftermark.workers.dev/videos/7f1e15d4907b449b8814b29d8cf1ecf1.mp4
16	https://media.aftermark.workers.dev/videos/a706576597a4457ebab24706c5f652a7.mp4
17	https://media.aftermark.workers.dev/videos/bccb4d6b316b4cdfab30c954b9476100.mp4
18	https://media.aftermark.workers.dev/videos/22268256004d4facbdbd69b60cc42a97.mp4
19	https://media.aftermark.workers.dev/videos/189b096a9eea43569d0ee84bbb4d7f9f.mp4
20	https://media.aftermark.workers.dev/videos/0fdcf6cd43a24dd1bb7e316c428fccf0.mp4
21	https://media.aftermark.workers.dev/videos/7ed92cb3823c4c34afa2c439d156557d.mp4
22	https://media.aftermark.workers.dev/videos/cc536b9c1d7b417a8c476c776fc6b064.mp4
23	https://media.aftermark.workers.dev/videos/63c8d41e5fc2410ba9ce0cc410e5de9b.mp4
24	https://media.aftermark.workers.dev/videos/dc67e9599a284151a28d94c802ae2139.mp4
25	https://media.aftermark.workers.dev/videos/2a0c9db3f52b4387a8bb7ec25d254446.mp4
26	https://media.aftermark.workers.dev/videos/74111fbbde6e4a81a3ad41c07b8e06e3.mp4
27	https://media.aftermark.workers.dev/videos/938dba06050d4c7fb08a9b71f916acd8.mp4
28	https://media.aftermark.workers.dev/videos/b16605d01acf4ae79d6cba02231e07b5.mp4
29	https://media.aftermark.workers.dev/videos/796583860f4a429a84c6500e79f409fc.mp4
30	https://media.aftermark.workers.dev/videos/13de0b8a2413421488c686de689c63d2.mp4
31	https://media.aftermark.workers.dev/videos/08125b6a90bb440199a27018d16fe354.mp4
32	https://media.aftermark.workers.dev/videos/8015a9e066704e39a875645dc8f810dd.mp4
33	https://media.aftermark.workers.dev/videos/fbb868a4515d4876ab2638951b173426.mp4
34	https://media.aftermark.workers.dev/videos/ab0d1160a6cc4d6d93d967b9220786f1.mp4
35	https://media.aftermark.workers.dev/videos/41fb02a14b934a57ad3f3d9ade95c449.mp4
36	https://media.aftermark.workers.dev/videos/4e044ad2c0384872b57956d4281815a5.mp4
37	https://media.aftermark.workers.dev/videos/c371a9270a164f8199686292374f1a8c.mp4
38	https://media.aftermark.workers.dev/videos/683e1dc6f4994f85b6b441713a78d319.mp4
39	https://media.aftermark.workers.dev/videos/6392e39b68f54192a06716f069daf3a3.mp4
40	https://media.aftermark.workers.dev/videos/923d5a2166d140b2a0bacef6abeba7ad.mp4
41	https://media.aftermark.workers.dev/videos/9e89e274d914475e8670e97f35144a15.mp4
42	https://media.aftermark.workers.dev/videos/8728795f7b214079927df59f3419be29.mp4
43	https://media.aftermark.workers.dev/videos/e693615b1ece4c09a61a546cad89d3f9.mp4
44	https://media.aftermark.workers.dev/videos/1cefa7a2ec674791a56e6903becc1fe2.mp4
45	https://media.aftermark.workers.dev/videos/0e0aa4b4dcad4092bdf4642ed9ab1238.mp4
46	https://media.aftermark.workers.dev/videos/552c3f60c66a4b24a4e1998d6097ed93.mp4
47	https://media.aftermark.workers.dev/videos/e4a041ab3db649b495d263ac4e14dde8.mp4
48	https://media.aftermark.workers.dev/videos/25cdb90d80b34388850a58b2db267b4f.mp4
49	https://media.aftermark.workers.dev/videos/974335a57c8c4e898913d0ab2416e9ce.mp4
50	https://media.aftermark.workers.dev/videos/b71238a45f51437eb8378b2ec3da6a55.mp4
51	https://media.aftermark.workers.dev/videos/b4d0d33b744c4bb690d402a4a9b45b93.mp4
52	https://media.aftermark.workers.dev/videos/62534a6205634f018116598de3a4c041.mp4
53	https://media.aftermark.workers.dev/videos/8b19f63e67064389b4534ed9f0ae8a2b.mp4
54	https://media.aftermark.workers.dev/videos/a987524b748d43ce8c7b8c815ae9f839.mp4
55	https://media.aftermark.workers.dev/videos/47bee0ce049048b2ba166c96d9f875c3.mp4
56	https://media.aftermark.workers.dev/videos/b0a854a18e254ed080fb7e19b6b292b2.mp4
57	https://media.aftermark.workers.dev/videos/a400192c915d4dfca7923dba6edc565d.mp4
58	https://media.aftermark.workers.dev/videos/0d773ab9a7534744a291cc23f0d56e2a.mp4
59	https://media.aftermark.workers.dev/videos/840d1c0c31514a99bd802543fbbc0aad.mp4
60	https://media.aftermark.workers.dev/videos/5e9947071f5843f2bcc1503cc9c1dc5e.mp4
61	https://media.aftermark.workers.dev/videos/05d6a6b7fd3442fc942d187551290a1e.mp4
62	https://media.aftermark.workers.dev/videos/7799244b11434d75a60e87c354a87bdd.mp4
63	https://media.aftermark.workers.dev/videos/1342c2f466f0474ab2810a1ee1c67826.mp4
64	https://media.aftermark.workers.dev/videos/9a27184d7dbf4ceca277553995625c44.mp4
65	https://media.aftermark.workers.dev/videos/bb496908500c4c44b9c86c8bb1053b91.mp4
66	https://media.aftermark.workers.dev/videos/cedadf6c4e8c412db6ff128d74d019b7.mp4
67	https://media.aftermark.workers.dev/videos/88d5f51c06d04658932945c3e765051e.mp4
68	https://media.aftermark.workers.dev/videos/f7619b810ce341fda1270d20b609048e.mp4
69	https://media.aftermark.workers.dev/videos/99bed01f5c864e2a9bb879b25122f7e4.mp4
70	https://media.aftermark.workers.dev/videos/067322d53b7b4bd6a67f1b8ccc4b61ab.mp4
71	https://media.aftermark.workers.dev/videos/1f459d9153414f07a53aa949870537aa.mp4
72	https://media.aftermark.workers.dev/videos/33e63281267f4c69a484bd03baaa39a7.mp4
73	https://media.aftermark.workers.dev/videos/30a8b35953794866b45af0fa2384dcef.mp4
74	https://media.aftermark.workers.dev/videos/1f718189fc344fd4bb0172ee62e94c89.mp4
75	https://media.aftermark.workers.dev/videos/50e67a1e437a453da013b5dab478c86b.mp4
76	https://media.aftermark.workers.dev/videos/0ad51729370740e496f4525149a8cfd8.mp4
77	https://media.aftermark.workers.dev/videos/320afa4db4db4604878f2109ede5ce99.mp4
78	https://media.aftermark.workers.dev/videos/82a6e1b1497b4465b1461b51d73b376b.mp4
79	https://media.aftermark.workers.dev/videos/c791ff91e9664a27aeaa794df322aea8.mp4
80	https://media.aftermark.workers.dev/videos/3e4293c0a2c849938215477ce310361e.mp4
81	https://media.aftermark.workers.dev/videos/9293a4dd646c459b976603fc85ef24ad.mp4
82	https://media.aftermark.workers.dev/videos/51f7c67cd8fb4d4aa3f0a2661c73e909.mp4
83	https://media.aftermark.workers.dev/videos/d08c5ad86b1544409edcf2290625677d.mp4
